{
  "branch_pts": [
    [
      325,
      397
    ],
    [
      353,
      306
    ],
    [
      352,
      291
    ],
    [
      373,
      235
    ],
    [
      377,
      201
    ],
    [
      367,
      131
    ],
    [
      368,
      126
    ],
    [
      365,
      121
    ]
  ],
  "segment_area": [
    9166,
    10069,
    5027,
    11055,
    22251,
    22056,
    9631,
    3719,
    2148,
    4283
  ],
  "segment_eu_length": [
    141.66156853571826,
    200.032497359804,
    72.91776189653656,
    260.679880313,
    241.99380157351138,
    356.79966367697153,
    103.24727599312246,
    82.73451516749222,
    65.60487786742691,
    88.50988645343524
  ],
  "num_leaf_segments": 10,
  "num_stem_segments": 8,
  "num_branch_points": 8,
  "in_bounds": false,
  "area": 99982.0,
  "convex_hull_area": 187842.5,
  "solidity": 0.5322650624858591,
  "perimeter": 5176.295269727707,
  "width": 624,
  "height": 435,
  "longest_path": 612.4377519389216,
  "center_of_mass": [
    339.143425816647,
    240.24479406293133
  ],
  "convex_hull_vertices": 26,
  "object_in_frame": false,
  "ellipse_center": [
    322.552734375,
    246.81695556640625
  ],
  "ellipse_major_axis": 520.2962646484375,
  "ellipse_minor_axis": 357.439697265625,
  "ellipse_angle": 101.98101806640625,
  "ellipse_eccentricity": 0.7266643871232243,
  "filename": "18.png",
  "roi_x": 0,
  "roi_y": 38,
  "roi_w": 624,
  "roi_h": 435,
  "roi_type": "partial"
}