{
  "branch_pts": [
    [
      325,
      397
    ],
    [
      314,
      394
    ],
    [
      227,
      329
    ],
    [
      405,
      326
    ],
    [
      353,
      306
    ],
    [
      352,
      291
    ],
    [
      150,
      291
    ],
    [
      115,
      257
    ],
    [
      373,
      235
    ],
    [
      377,
      201
    ],
    [
      51,
      163
    ],
    [
      367,
      131
    ],
    [
      368,
      126
    ],
    [
      365,
      121
    ]
  ],
  "segment_area": [
    96,
    290,
    10445,
    4189,
    2239,
    7275,
    4959,
    14157,
    966,
    1304,
    22201,
    8984,
    2801,
    3667,
    9794,
    2152,
    4272
  ],
  "segment_eu_length": [
    11.313708498984761,
    8.246211251235321,
    142.63590010933433,
    28.231188426986208,
    27.730849247724095,
    146.23952953972466,
    33.24154027718932,
    73.0,
    31.827660925679098,
    34.785054261852174,
    242.98559628093184,
    26.40075756488817,
    57.48912940721924,
    83.6301381082203,
    108.16653826391968,
    66.40030120413611,
    89.88882021697692
  ],
  "num_leaf_segments": 17,
  "num_stem_segments": 16,
  "num_branch_points": 14,
  "in_bounds": false,
  "area": 100608.0,
  "convex_hull_area": 194215.0,
  "solidity": 0.5180238395592514,
  "perimeter": 6380.7762323617935,
  "width": 624,
  "height": 435,
  "longest_path": 629.5085384647297,
  "center_of_mass": [
    338.4228987754453,
    239.78752186704835
  ],
  "convex_hull_vertices": 26,
  "object_in_frame": false,
  "ellipse_center": [
    319.8931579589844,
    242.2049560546875
  ],
  "ellipse_major_axis": 547.0498046875,
  "ellipse_minor_axis": 356.5625915527344,
  "ellipse_angle": 106.27813720703125,
  "ellipse_eccentricity": 0.7583979262267777,
  "filename": "18.png",
  "roi_x": 100,
  "roi_y": 320,
  "roi_w": 240,
  "roi_h": 150,
  "roi_type": "partial"
}