{
  "branch_pts": [
    [
      222,
      354
    ],
    [
      225,
      300
    ],
    [
      189,
      264
    ],
    [
      208,
      257
    ],
    [
      163,
      253
    ],
    [
      306,
      174
    ],
    [
      209,
      172
    ],
    [
      198,
      167
    ],
    [
      234,
      162
    ],
    [
      299,
      157
    ],
    [
      125,
      144
    ],
    [
      120,
      143
    ],
    [
      286,
      141
    ],
    [
      193,
      111
    ]
  ],
  "segment_area": [
    1436,
    464,
    334,
    87,
    2431,
    656,
    536,
    2541,
    1201,
    544,
    5578,
    758,
    1120,
    1350,
    1997,
    2078,
    1174,
    3373,
    3031
  ],
  "segment_eu_length": [
    27.51363298439521,
    39.45883931389772,
    15.556349186104045,
    23.769728648009426,
    2.0,
    34.20526275297414,
    15.652475842498529,
    113.14592347937243,
    31.32091952673165,
    4.0,
    30.805843601498726,
    34.23448553724738,
    25.553864678361276,
    66.48308055437865,
    30.4138126514911,
    26.30589287593181,
    32.89376840679705,
    77.10382610480494,
    65.30696746902278
  ],
  "num_leaf_segments": 19,
  "num_stem_segments": 14,
  "num_branch_points": 14,
  "in_bounds": true,
  "area": 30806.0,
  "convex_hull_area": 86309.5,
  "solidity": 0.3569247881171829,
  "perimeter": 4431.729520320892,
  "width": 343,
  "height": 375,
  "longest_path": 319.7577207824699,
  "center_of_mass": [
    222.8021813932351,
    182.62439135233396
  ],
  "convex_hull_vertices": 17,
  "object_in_frame": true,
  "ellipse_center": [
    243.85789489746094,
    210.17654418945312
  ],
  "ellipse_major_axis": 311.82501220703125,
  "ellipse_minor_axis": 271.864013671875,
  "ellipse_angle": 138.50372314453125,
  "ellipse_eccentricity": 0.48977654343175575,
  "filename": "47.png",
  "roi_x": 100,
  "roi_y": 320,
  "roi_w": 240,
  "roi_h": 150,
  "roi_type": "partial"
}