{
  "branch_pts": [
    [
      222,
      354
    ],
    [
      225,
      300
    ],
    [
      208,
      257
    ],
    [
      209,
      172
    ],
    [
      198,
      167
    ],
    [
      286,
      141
    ]
  ],
  "segment_area": [
    1436,
    334,
    3760,
    2444,
    3760,
    1853,
    7850,
    7351
  ],
  "segment_eu_length": [
    26.248809496813376,
    15.556349186104045,
    43.41658669218482,
    111.73182178770737,
    18.439088914585774,
    25.317977802344327,
    105.6882207249228,
    118.81077392223317
  ],
  "num_leaf_segments": 8,
  "num_stem_segments": 6,
  "num_branch_points": 6,
  "in_bounds": true,
  "area": 28860.0,
  "convex_hull_area": 61855.0,
  "solidity": 0.4665750545630911,
  "perimeter": 3396.0498344898224,
  "width": 257,
  "height": 375,
  "longest_path": 7.0710678118654755,
  "center_of_mass": [
    212.69296604296605,
    181.22203742203743
  ],
  "convex_hull_vertices": 18,
  "object_in_frame": true,
  "ellipse_center": [
    214.42210388183594,
    204.4652099609375
  ],
  "ellipse_major_axis": 307.287841796875,
  "ellipse_minor_axis": 205.84674072265625,
  "ellipse_angle": 169.8345184326172,
  "ellipse_eccentricity": 0.7424671484573716,
  "filename": "47.png",
  "roi_x": 83,
  "roi_y": 44,
  "roi_w": 257,
  "roi_h": 375,
  "roi_type": "partial"
}