{
  "image_height_px": 553,
  "image_width_px": 556,
  "mask_source": "manual_spec",
  "auto_channel": "lab_l",
  "auto_method": "mean",
  "auto_object_type": "dark",
  "auto_ksize": "2001",
  "auto_area_ratio": 0.4656842338064449,
  "auto_n_components": 34,
  "auto_solidity": 0.7041482944893012,
  "auto_height_px": 553,
  "auto_width_px": 556,
  "plant_size": 149721,
  "branch_pts": [
    [
      76,
      516
    ],
    [
      39,
      492
    ],
    [
      14,
      418
    ],
    [
      56,
      405
    ],
    [
      68,
      347
    ],
    [
      483,
      340
    ],
    [
      493,
      337
    ],
    [
      69,
      334
    ],
    [
      512,
      333
    ],
    [
      505,
      333
    ],
    [
      65,
      329
    ],
    [
      134,
      327
    ],
    [
      46,
      317
    ],
    [
      58,
      295
    ],
    [
      50,
      262
    ],
    [
      28,
      250
    ],
    [
      504,
      219
    ],
    [
      363,
      194
    ],
    [
      61,
      132
    ],
    [
      472,
      127
    ],
    [
      244,
      124
    ],
    [
      109,
      50
    ],
    [
      167,
      45
    ],
    [
      179,
      43
    ],
    [
      330,
      42
    ],
    [
      327,
      27
    ],
    [
      235,
      23
    ]
  ],
  "segment_area": [
    6773,
    6517,
    2475,
    681,
    1147,
    5242,
    1941,
    6889,
    1203,
    619,
    1540,
    787,
    2150,
    8928,
    23207,
    9069,
    3775,
    26041,
    1414,
    1027,
    13530,
    6504,
    10197,
    367,
    9854,
    3793
  ],
  "segment_eu_length": [
    48.27007354458868,
    51.66236541235796,
    13.892443989449804,
    8.48528137423857,
    15.231546211727817,
    45.254833995939045,
    46.09772228646444,
    80.95677859203639,
    16.64331697709324,
    36.05551275463989,
    24.186773244895647,
    44.598206241955516,
    56.08029957123981,
    15.620499351813308,
    82.3286098510111,
    12.727922061357855,
    74.67261881037788,
    209.2510453976276,
    27.85677655436824,
    24.08318915758459,
    62.96824596572466,
    84.21995013059554,
    69.9714227381436,
    27.65863337187866,
    36.796738985948195,
    27.586228448267445
  ],
  "plant_height_px": 506.0,
  "plant_height_mm": 10.120000000000001,
  "plant_height_debug_image": "results_sideview53\\debug\\default_side_height_debug.png",
  "num_leaf_segments": 26,
  "num_stem_segments": 29,
  "num_branch_points": 27,
  "side_main_color": "Blue violet",
  "side_main_hue_deg": 265.0,
  "side_mean_hue_deg": 267.6,
  "side_hsv_mean": {
    "hue_deg": 267.6,
    "sat": 0.1405,
    "val": 0.8317
  },
  "side_lab_mean": {
    "L": 0.7617,
    "a": 9.8338,
    "b": -12.963
  },
  "side_greenness_index": -9.8338,
  "default_1_in_bounds": false,
  "default_1_area": 155670.0,
  "default_1_convex_hull_area": 280916.5,
  "default_1_solidity": 0.5541504326018586,
  "default_1_perimeter": 5328.760257959366,
  "default_1_width": 556,
  "default_1_height": 553,
  "default_1_longest_path": 677.64961447639,
  "default_1_center_of_mass": [
    258.20603841459496,
    194.50390569795078
  ],
  "default_1_convex_hull_vertices": 7,
  "default_1_object_in_frame": false,
  "default_1_ellipse_center": [
    260.2738342285156,
    269.5940856933594
  ],
  "default_1_ellipse_major_axis": 612.9140014648438,
  "default_1_ellipse_minor_axis": 544.5651245117188,
  "default_1_ellipse_angle": 57.87723922729492,
  "default_1_ellipse_eccentricity": 0.45890494003107274,
  "filename": "53.png",
  "view": "side",
  "roi_rect": "(0,0,556,553)",
  "mask_saved": true
}